Date,IXY1,IXR1,IXP1,IXA1,IXC1,IXI1,IXT1,IXD1,IXS1
3/21/2011,379.2,289.2,774.2,161.6,320,364.2,251.8,400.7,309.2
3/22/2011,378.8,289.2,773.9,161.65,320.6,363.9,252.2,401.5,310
3/23/2011,380,290,774.8,161.05,320.3,363,253.1,403.9,309.8
3/24/2011,382.5,292.7,775.5,161.6,322.4,366,256.4,406.2,311.1
3/25/2011,385.1,293,784.8,162.05,323.5,366.2,257.4,408.7,311.9
3/28/2011,383.9,292.3,783.3,161.9,325.5,367.1,257.3,408.7,310.8
3/29/2011,384,292.6,792.4,161.95,326.8,369,258.1,410.9,310.9
3/30/2011,388.8,293.7,795.9,163.85,327.6,371.3,259.1,415.7,315.2
3/31/2011,388.8,295.4,795.8,162.7,329.4,373.9,259.6,418.9,316
4/1/2011,389.5,296.3,796.9,163.4,329.5,375.9,259.2,420.1,316.6
4/4/2011,391.5,296.6,798.2,163.9,332.7,377.2,258.9,422.8,317.6
4/5/2011,391.9,297.2,799.9,163.95,331.7,376.1,257.8,426,316.9
4/6/2011,392.9,297.9,794.4,165.3,332.1,376.4,259.3,424,317.5
4/7/2011,391.5,298.6,793.7,165.15,331.9,375,259.8,421.8,317.8
4/8/2011,389.8,298.4,794.5,163.9,332.2,373.2,259.6,420.7,317.2
4/11/2011,388.8,299.8,780.1,163.75,333.5,371.8,259,415.8,314.8
4/12/2011,388.2,299.9,756,162.75,333.3,369.7,256.2,412.2,314.7
4/13/2011,389.6,300.3,756.7,161.5,332.3,368.5,256.4,409.3,313.7
4/14/2011,389.1,302,759.7,160.45,333.7,367.2,256,408.7,315
4/15/2011,392.6,302.4,768.3,160.5,335.4,367.3,256.1,412.1,316.4
4/18/2011,387.6,302.3,761.3,158.4,333.8,365.5,254.2,406.5,315.2
4/19/2011,388.5,303.4,765.6,158.6,336.5,366.5,254.4,411.3,315.4
4/20/2011,394.5,305,784.6,159,337.8,370.5,259.4,415.1,317.4
4/21/2011,396.9,305,786,159.7,339.9,371.1,260.8,419.9,319.5
4/25/2011,396.4,304.1,785.8,159.7,341,372.6,261.9,419.7,320.1
4/26/2011,396.9,306.2,790,160.1,342.9,378.8,262.9,421.1,322.5
4/27/2011,399.4,306.9,790.6,161.6,348.3,380.8,265.1,421.8,324.7
4/28/2011,403.2,308.8,790,162.5,348.5,381.9,265.4,423.5,327.3
4/29/2011,404.1,311.2,803,162.7,351,384.1,266.5,427.1,328.9
5/2/2011,405.3,311.2,789,162.2,354.5,383.5,265.9,425.1,329
5/3/2011,403.3,312,770.2,162.65,353.4,381.1,265.8,419.4,330.7
5/4/2011,400.2,312.1,759.7,161.3,352.8,375.7,264.3,413.6,330.7
5/5/2011,400.6,311.6,742.5,159.25,350.8,374.7,263.4,407.8,328.2
5/6/2011,401,311.5,746.1,159.85,354.3,378.9,265.4,411.1,329.6
5/9/2011,401.5,311.2,758.1,159.65,355.8,379.4,264.8,415.9,331.1
5/10/2011,404.7,312,762.7,161.15,355.8,381,266.6,418.5,334.3
5/11/2011,403.9,312.4,742.3,158.95,356.9,379.3,266.5,410.4,333.5
5/12/2011,405.2,315.7,741.2,158.95,357.3,379.1,266.8,409.8,335.9
5/13/2011,404,317.1,737.3,156.65,358,375.1,264.5,406.3,335.9
5/16/2011,399.3,316.8,731,156.35,358.5,373.5,260.7,403.7,336.2
5/17/2011,399.2,317.9,728.5,157.25,359.6,369,260.7,399,338.8
5/18/2011,402,318.6,743.6,158.1,360.8,370.6,260.7,405.3,337.4
5/19/2011,402.6,319.5,743.4,158.35,361.5,374.2,262,406.6,337.8
5/20/2011,401.4,318.8,743.2,156.05,361.1,372.1,261.4,402,338.1
5/23/2011,398.4,316.7,732.4,153.95,354.8,366.2,257.6,399.1,336.1
5/24/2011,397.4,317,741.5,153.65,354.2,365.5,257,401.7,335.6
5/25/2011,394.7,314.4,758.2,153.8,354.8,365.9,257.2,406.6,332.8
5/26/2011,397.7,315.2,760.1,154.9,355,367.7,258.6,406.8,333.1
5/27/2011,400,316.4,760.7,155.7,355,370,259.7,411.1,333.4
5/31/2011,402.7,319.3,769,157.4,359.5,373.4,263.8,415.6,336
6/1/2011,394.8,316.7,751.3,152.35,354.5,360.8,258.3,402.9,334.5
6/2/2011,394.8,314,751.6,152.35,354.5,362.9,258.3,403.1,333.1
6/3/2011,388.4,310,749.4,150.95,351.2,357.8,254.5,397.9,330.3
6/6/2011,383,308.2,734.5,148.2,347.9,356.6,253.5,395.2,328.4
6/7/2011,384.5,306.7,734.9,147.95,349.1,357.4,253.3,395.9,328.4
6/8/2011,381.5,306.9,736.1,146.45,348.9,352,250.3,391.5,329.2
6/9/2011,383.7,308.7,745.7,148.1,352.9,354.8,250.1,398,329.3
6/10/2011,376.9,305,730.6,147.1,346.6,349.3,247.1,393,327.2
6/13/2011,376.9,305.2,719.1,148.05,346.7,349.3,247.1,391.6,327.6
6/14/2011,381.4,310.5,734.3,149.05,349.9,357.4,249.9,397.9,327.8
6/15/2011,377.3,305,718.1,146.3,346.6,351,245.5,387.6,325.8
6/16/2011,376,307.9,718.5,146.7,347.2,352,244.6,384.7,328.5
6/17/2011,378.1,309.9,717.3,148.5,347.6,353.2,244.3,385.3,330.7
6/20/2011,382.2,311.6,718.3,148.3,351.3,356.2,245.1,387.8,332
6/21/2011,390,311.4,734.1,150.4,353.4,362.2,249.5,398.2,332.6
6/22/2011,386.9,309.4,730.9,149.35,351.8,360,247.8,397.5,330.7
6/23/2011,388.3,305.5,722.7,147.9,351,359.2,249.7,396.5,327.7
6/24/2011,384.6,304.2,709.8,146.95,347,355.1,245.5,394,328.5
6/27/2011,390.7,305.7,714.4,148.5,348.7,358,248.6,394.6,331
6/28/2011,396,306.3,733.3,149.35,353.5,363.8,251.6,402.3,332.6
6/29/2011,397.2,308,742.9,152.6,354.2,365.8,253.5,408.7,334.5
6/30/2011,401.8,310.4,753.8,152.9,355.1,371.3,256.9,413.6,335.4
7/1/2011,409.9,313,760.9,155.7,359.7,378.2,261.2,417.5,337.6
7/5/2011,412.3,312.6,765.3,154.45,358.5,375.8,261.2,417.8,337.5
7/6/2011,410.2,314.3,763.7,153.45,359.7,377.8,262.7,419.7,338.1
7/7/2011,415.9,316.5,774.5,156,359.4,381.9,265.7,426.3,339.5
7/8/2011,413.4,315.8,769.4,154.05,358.2,377.6,264.8,423.2,338.5
7/11/2011,405.2,312.9,750.3,149.6,352.3,370,260.3,413.9,334.1
7/12/2011,403.4,312.2,748.2,149.1,353,367.4,258.1,412.8,336.1
7/13/2011,406.6,312.8,753.6,149.4,354.4,367.9,258.5,416.1,335.2
7/14/2011,403.2,310.9,748.4,148.25,353.3,363.8,256.2,412.2,333.8
7/15/2011,401,311.6,769.4,148.05,352,364.3,259.4,416,334.1
7/18/2011,397.5,309.7,765.9,145.55,348.7,360.4,258.2,411.3,331
7/19/2011,406.1,314,779.6,147.75,352.2,364.7,264.2,416.5,333.8
7/20/2011,403.7,313.4,778.9,149.35,351.2,365.6,264.3,417.3,335.8
7/21/2011,408.8,316.1,793.4,153.1,356.6,371.3,265.2,421.8,340.8
7/22/2011,410.1,315.6,796.5,152.5,355.7,367.3,267.2,419.7,338.7
7/25/2011,407.8,312.6,794.8,151.5,352.1,367,266.5,418.8,339.8
7/26/2011,406.9,311.9,789.9,151.3,349.3,359.9,267.8,414.1,338.4
7/27/2011,400.1,308.2,776.6,147.75,343.5,350.5,260.5,405.1,337.8
7/28/2011,397.8,308.2,773.5,147.75,342.9,346.7,260,403.8,335.7
7/29/2011,396,306.3,764.6,147.4,341.4,345.3,257.9,399.3,332.2
8/1/2011,393.5,305.1,764.6,146.85,335.2,343.1,257.9,397.8,333
8/2/2011,381.3,301.5,742.7,142.85,328.1,332.7,252.5,386,329.8
8/3/2011,381.1,302.1,738.1,143.3,327.7,333.9,255.1,386.8,327.1
8/4/2011,366.6,293.1,685.6,136.2,316.2,316.7,244.9,362.1,317.4
8/5/2011,361.4,296,681.2,133.95,319.8,315.7,243,359.3,318.1
8/8/2011,339.2,285.9,622.1,120.8,301.7,293.9,229.8,333.8,302.9
8/9/2011,356.8,293.5,657.1,130.35,313.2,309,239.4,354.5,312.8
8/10/2011,344.1,281.3,633.4,121.85,298.9,294.8,232.7,342.9,305.8
8/11/2011,352.6,290.2,670.1,128.25,312.9,306.3,241.6,356.7,319.5
8/12/2011,359.7,293.2,669.5,127.05,315.8,312.4,241,361.2,317.3
8/15/2011,364.6,296.6,691.9,131.4,321.6,317.8,243.5,366.5,328.7
8/16/2011,363.5,297.9,680.2,128.8,321.1,312.9,243.3,361.8,328.1
8/17/2011,362,299.2,682.4,129.35,320.9,311.7,241.9,362.4,330.4
8/18/2011,345.4,295.4,644.6,123.5,310.4,294.1,230.9,342.1,326.8
8/19/2011,341.5,293.6,632.9,120.7,309.9,290.4,225,337.6,323.7
8/22/2011,340.6,293.8,627.7,119.5,309.6,290.5,225.7,335.3,323.1
8/23/2011,352.6,299.8,653.2,122.65,318.8,300.7,234.3,347,327.2
8/24/2011,357.8,301.6,658.7,126.2,323.1,307.3,236.6,352.4,336.3
8/25/2011,353.1,296.9,646.1,125.95,317.9,301.5,233.3,348.5,331.3
8/26/2011,361.2,299.6,657.1,127,322.1,307.6,237.8,355.7,330.7
8/29/2011,370.7,305.3,676.6,132.35,330.3,317.7,243.6,367,337.3
8/30/2011,373.5,305.7,679.5,131.65,332.6,320.4,245.2,370.6,337.8
8/31/2011,375.1,306.9,686,133.2,333.8,322.7,244.3,371.2,339.8
9/1/2011,370.5,305.5,680.3,130.4,331.3,317.3,241.7,366.3,337.5
9/2/2011,359.7,301.3,661.6,125.25,324.8,307.6,236.5,358.2,334.4
9/6/2011,358.7,301.3,654.4,122.6,324.8,302.5,233.1,353,331.7
9/7/2011,367.4,305,678.1,128.05,332.1,313,240.9,364.6,335
9/8/2011,361.8,305.7,668.3,125.9,329.2,308.5,242.3,360.6,335.9
9/9/2011,353.2,300.2,648.3,122.1,318.5,300.8,236.3,348.6,330
9/12/2011,352.5,298.2,649.5,122.1,318.5,300.5,237.1,345.4,327.3
9/13/2011,360.8,298.2,653.4,123.55,322.8,306.8,239.7,351,332.4
9/14/2011,367.2,302.6,659.6,125,325.8,313,243.4,356.3,335.1
9/15/2011,374.6,306.6,674.6,128.6,330,318.4,248,363.4,340.1
9/16/2011,376.43,308.38,680.09,129.69,331.76,320.54,249.46,365.63,341.95
9/19/2011,372.7,303.9,660.6,124.3,326.4,315.4,249,356.9,338.9
9/20/2011,375.7,303.9,655.3,124.8,329.7,314.8,248.7,352.8,343.5
9/21/2011,362.3,298.7,628.6,118.5,321.4,300.8,244.9,336.9,337.2
9/22/2011,350.1,292.7,593,114.85,314.1,288.5,237.6,318.1,331.6
9/23/2011,356.2,292.6,586.1,115.8,314.2,291.5,239.5,316.9,334.2
9/26/2011,364,298.4,607.4,121,319.4,298.9,242.8,326.8,337.1
9/27/2011,367.1,300.4,617,121.85,324.8,303.9,246,334.1,339
9/28/2011,361.2,294.8,607.6,118.35,319.3,300.7,242.7,319.5,335.7
9/29/2011,357.5,297.8,602.4,121.6,320.8,300.6,241.9,319.2,340.3
9/30/2011,347.9,294.6,584.8,117.3,317.1,291.1,235.6,307.8,337
10/3/2011,337.6,290.5,563.9,111.95,306.8,282.3,230.4,299.6,328.9
10/4/2011,348,292.6,582.9,116.2,309.5,289.7,234.5,310,327.1
10/5/2011,354.3,293.3,604.2,117.85,314.6,296,239.7,323.1,327.2
10/6/2011,362.2,296.7,615.6,121.6,318.2,302.5,243.3,331.3,332.6
10/7/2011,362.1,298.8,607.8,117.65,318.4,301.8,242.4,326.4,334
10/10/2011,374.4,303.2,635.5,123.3,325.8,312.1,250,339.6,340.9
10/11/2011,375.7,303,636.2,123.35,325.2,313.5,251.1,340.3,337.4
10/12/2011,380.5,305.2,640.8,126.45,325.8,317.7,252.5,343.6,337.2
10/13/2011,379.2,304.5,640.1,123.85,325.8,314.7,255,342.1,336.9
10/14/2011,385.8,306.8,664.5,125.1,328.3,320.3,259.9,350.5,340
10/17/2011,378.6,304.3,653.7,121.5,323.2,311.9,256,340,339.3
10/18/2011,385.1,306.6,673.8,126.9,325.5,320.7,258,347.7,341.3
10/19/2011,379.9,306.2,667.7,125.35,324.4,317,253.3,337.6,342.1
10/20/2011,381.2,307.7,672.9,127,324.3,319.1,252.2,340.8,343.6
10/21/2011,392.2,312.4,684.4,130.35,330.8,325.6,255.1,349.7,349.4
10/24/2011,397.4,310.9,694.2,133.05,335.2,331.1,259,357.9,348.2
10/25/2011,389.2,307.4,678.9,129.35,328.9,324.9,255,349.3,344.1
10/26/2011,387.3,309.8,694.1,131.6,333.3,326.7,255.9,356.2,345.8
10/27/2011,398,313.6,725,139.7,340.9,341,264,375.1,353.4
10/28/2011,395.3,312.6,729.7,139.55,341.7,341.6,264.7,377.3,351.1
10/31/2011,389.3,308.9,696.4,134.2,335.4,333.1,259.9,361.7,349.1
11/1/2011,380.3,303.2,674.1,127.8,328.7,323.4,252.9,352.4,341.9
11/2/2011,384.7,306,695.4,131.55,331.1,329,255.7,360,347.9
11/3/2011,389.6,309.4,715.1,133.85,334.9,337.3,261.6,367.4,352.3
11/4/2011,388.1,308.1,712.4,132.05,332.1,334.6,260.3,367,350.4
11/7/2011,390,310.2,716.9,132.65,335.7,335.1,261.9,369.9,351.5
11/8/2011,394.4,313.6,727.8,135.3,339.6,339.2,264.7,374.3,354.6
11/9/2011,380.4,306.6,695.8,128.05,330.4,326.4,256.1,356.5,346.9
11/10/2011,383.7,309,707.6,128.6,334.4,329.6,256.5,360.1,349.2
11/11/2011,393.2,312.6,721,131.6,339.5,337.8,261.2,368.6,354.1
11/14/2011,391,310.4,712.9,129.05,337.9,335.9,259.7,365.4,350.6
11/15/2011,392.1,311.5,712,129.6,338.9,337.5,262.5,366,351
11/16/2011,384.9,309.3,701.7,126.35,332.8,332.6,259.1,357.7,347
11/17/2011,378.6,307.2,682.9,123.55,328.9,326.5,253.7,347.1,344.3
11/18/2011,377.9,308.9,681.5,124.3,328.4,328.1,252.2,349.2,347.1
11/21/2011,371.3,304.1,671.2,121.3,321.7,320.6,247.4,343.2,343
11/22/2011,371.6,304.3,662.6,120.1,322.7,318.2,247,340.6,338.7
11/23/2011,364.1,300.7,642.7,116.65,317.8,310.9,241.4,331.3,333.6
11/25/2011,362.5,301.6,638.2,117.25,316.7,310.4,240,329.7,335
11/28/2011,373.4,306.5,661.4,120.4,325,320.7,247.7,341.6,339.6
11/29/2011,374.8,309.6,672.6,119.85,326.7,320.8,246.7,342.1,343.2
11/30/2011,386.6,317.4,709.6,127.7,338.7,337.1,256.1,362.3,352.8
12/1/2011,386.4,316.8,704.8,126.7,338.9,336.3,257.3,360.2,352.4
12/2/2011,389.9,315.9,703.5,128.4,334.9,335.8,257.2,357.3,348.5
12/5/2011,392.9,317.1,712,130.8,335.2,339.1,260.2,360.8,351
12/6/2011,392.4,318,712.4,131,337.1,339.6,259.8,364.1,352.3
12/7/2011,394.4,318.3,705.3,132.55,338.9,339.2,260,364.6,351.5
12/8/2011,386.6,315.5,686.6,127.85,333.6,331.6,256.7,354.1,346.8
12/9/2011,391.9,318.2,701.9,130.35,337.5,338.3,260,357.8,351
12/12/2011,390.7,315.3,683.9,126.9,333.3,332,256.7,349.4,347.4
12/13/2011,383.6,314.7,678.6,124.95,333.6,327.7,254.7,343.4,349.2
12/14/2011,379.4,313.2,659.5,124.95,332.9,324.2,250.9,339.9,346.9
12/15/2011,380.3,316,657.6,125.1,336.3,325.9,250.1,341.5,351.2
12/16/2011,382.65,318.32,663.97,126.04,338.81,329.18,251.45,345.4,353.06
12/19/2011,374,312.4,649.4,122.15,333.8,322.1,247.4,336,344.2
12/20/2011,384.7,318.5,675.6,126.55,340.7,333,254.3,348.6,351.4
12/21/2011,386.1,322.1,682.7,127.25,343,333.2,250,349.6,356.4
12/22/2011,387.4,321.6,691.3,129.9,345.5,336.2,252.6,352.7,357.3
12/23/2011,391.3,324.4,695.4,130.85,347.8,339,255.1,355.8,359.9
12/27/2011,392.4,324.5,697.5,130.4,348.7,338.9,255.9,356,362.3
12/28/2011,388,323.2,684,128.3,344.9,334.4,253.6,349.6,361.2
12/29/2011,391.6,325.2,691.4,130.05,347.4,338,255.3,352,363.3
12/30/2011,390.1,323.4,691.5,129.5,346.7,336.5,254.8,352.3,361.2
1/3/2012,393.7,323.4,710.4,133.05,351.5,343.8,258.5,362.7,354.5
1/4/2012,396.4,322.4,712.4,132.6,349.9,344.8,258.8,364.7,353.1
1/5/2012,399.1,322.3,707.3,134.1,350.4,345.2,259.5,365.7,353.3
1/6/2012,399.7,320.4,703.7,133.25,350.9,344.9,259.6,365.2,351.7
1/9/2012,399.7,320.4,707.7,134,351.6,347.2,259.3,366.4,351.8
1/10/2012,402.2,321.7,713.5,136.65,354.4,352.2,260.3,372.7,352.7
1/11/2012,402.9,320.1,704,138,354.6,353.3,261,376.6,350.9
1/12/2012,404,320.4,698,138.5,355.4,356.4,261.9,382,350.6
1/13/2012,402.9,320.2,694.2,137.55,354,353.6,260.6,379.5,350.1
1/17/2012,404.7,321.4,698.9,136.65,356.4,355.1,262.2,381.7,349.8
1/18/2012,411.3,321.6,710.4,138.6,358.1,358.6,265.7,385.8,349.7
1/19/2012,414.8,322.2,713.8,139.9,358.3,362,267.5,385.9,346.7
1/20/2012,412.2,322.9,712.6,140.85,358.4,360.4,268.2,384.6,347.5
1/23/2012,410.8,322.4,718.9,141.15,356.8,360.1,268.7,384.9,348.7
1/24/2012,412.3,320.7,717.1,141.05,356.9,360.1,268.4,384.5,345.6
1/25/2012,414.9,323.8,726.3,141.4,359.2,364.1,271.1,390.6,351.2
1/26/2012,414.9,323,716,140.1,358.2,364,269,390.7,352.7
1/27/2012,414.3,320.7,714.9,140.7,358.4,363.3,269,390.9,347.8
1/30/2012,413.6,318.7,711.2,139.25,357.5,361.7,269.8,390.5,345.9
1/31/2012,413,318.7,706.8,140,357.6,360.5,270.5,390.8,347.6
2/1/2012,413.9,320.9,709.7,142.25,361.3,364.6,272.8,394.5,349
2/2/2012,413.7,322,715.8,142.75,359.8,364.9,273.6,393.8,348
2/3/2012,422.2,323.6,727.5,146.65,361.7,371.2,277.4,398.8,349
2/6/2012,421.2,323.2,735.4,146.15,360.4,370.3,277.3,396.4,347.7
2/7/2012,423.1,323.5,739.9,145.85,361.6,370.3,278.3,395.9,350.5
2/8/2012,424.2,323.3,737.2,147,361.1,371,279.8,396.2,350.4
2/9/2012,425,325.3,737.1,146.65,359.7,371.4,282.2,396.9,349.8
2/10/2012,422.8,324.5,729.6,145.2,358.2,368.3,280.5,389.3,349.3
2/13/2012,426.1,325.8,735.9,146.4,360.6,372.7,282.2,391.2,348.7
2/14/2012,425.5,326.7,737.1,144.75,361.7,371.5,282.6,385.9,349.2
2/15/2012,424,326.7,736.1,144.25,360.9,367.1,281.3,385.9,348
2/16/2012,425.8,329,745.8,146.25,363.3,369.9,285.1,392.4,351.6
2/17/2012,429.8,329,748.5,147.05,362.3,371.8,285.1,393,351.3
2/21/2012,428.1,327.2,754.4,147.05,359.8,372.6,286.7,395.1,350.4
2/22/2012,427,326.6,755.8,145.45,359.8,372.6,285.4,394.9,351.1
2/23/2012,428.4,327.7,759.1,146.4,359.6,373.1,286.6,394.7,350.2
2/24/2012,428.9,328.8,761.8,146.2,361.4,373.7,287.9,395.3,351.6
2/27/2012,429.7,328.8,760,147.1,362,374,288.3,395.1,351
2/28/2012,433.1,329.8,757.1,147.5,363.6,373.4,290.6,396.4,350.3
2/29/2012,432.2,330.9,748.9,146.9,362,371.1,289.4,389.4,350.1
3/1/2012,435.3,330,756.2,148.6,363.4,371.9,291.3,393.2,350.7
3/2/2012,434.6,330.5,747.4,148.15,363.1,370.2,291,391.7,350.7
3/5/2012,434.4,332,742.8,147.6,362.1,367.5,288.7,385.7,351.7
3/6/2012,428.5,329.5,730,144,357.5,358.8,285.2,377.6,350.1
3/7/2012,432.9,329.7,737,145.65,358.8,362.8,287.5,378.9,350.1
3/8/2012,437.1,332.2,742.1,147.05,362.8,367.8,290.2,384.9,351.3
3/9/2012,439.5,332.8,742.1,148.15,364.4,368.3,291.6,385.7,352.9
3/12/2012,438.9,334.1,738.4,148.25,364.4,368.4,292.3,383.4,356.5
3/13/2012,444.9,336.6,746.4,153.5,369.4,376.2,297.5,389.4,357.6
3/14/2012,444.9,335.7,740,153.6,369.9,376,299.3,387.6,353
3/15/2012,445.8,336.5,740.5,156.55,369.8,380.3,299.8,389.6,352.1
3/16/2012,446.25,337.15,743.56,157.37,370.67,380.96,300.35,391.89,351.89
3/19/2012,445.4,334.4,753.5,157.55,368.2,378.7,301.4,392.3,346.5
3/20/2012,446.5,334.2,740,158.05,366.7,374.1,301.1,390.1,346.6
3/21/2012,446.9,334.7,732.2,157.55,366.4,374.3,301.3,390.2,346.4
3/22/2012,445.6,334.8,714.4,155.4,365.4,369.4,300.1,383.6,346.3
3/23/2012,446.3,335.6,723.1,156.5,365.9,370.1,299.8,387.8,346.9
3/26/2012,453.5,338.1,727.9,159,372.2,375.6,304.4,392.6,349.2
3/27/2012,453.1,338.1,721.6,157.8,373.1,375.2,304.4,392.6,351
3/28/2012,449.2,337.2,712.6,158,372.2,370.5,303.3,386.5,348
3/29/2012,449,336.6,711.6,156.7,373,371,302.8,387,349.1
3/30/2012,450.7,338.8,717.8,157.3,376.1,373.1,301.8,388.6,351.4
4/2/2012,451.8,341.3,724.4,158.55,377.2,375.1,304.9,393.8,352.6
4/3/2012,451.4,339.3,718.2,157.75,377.6,373.1,304.9,390.7,352.8
4/4/2012,446.8,338.7,709.3,155.05,375,369.9,301.1,385.7,352.2
4/5/2012,450.1,338.3,705.2,154.85,374.9,368.6,301.8,383.5,349.9
4/6/2012,450.1,338.3,705.2,154.85,374.9,368.6,301.8,383.5,349.9
4/9/2012,445.6,335.6,696.2,152.35,370.3,362.5,300,377.9,348
4/10/2012,435,332.5,682.4,149.1,366.1,355.1,295.7,370,343.4
4/11/2012,440.8,334,682.1,151.25,367.5,358.8,297.2,373.6,343.8
4/12/2012,446.6,334.3,697.8,154.3,369.2,366.3,301,384.3,345
4/13/2012,445.8,334.5,686.7,150.7,365.9,362.4,296.4,379.8,344.1
4/16/2012,443.6,335.8,681.7,151.65,365.7,362.8,293.3,380.5,347.4
4/17/2012,448.7,339.3,694.1,153.85,370.8,368.4,299.1,386.4,349.3
4/18/2012,449.1,339.2,692.4,152.8,370.3,367.8,297.1,384.7,348.7
4/19/2012,445.2,337.8,690.8,152,370.9,363.5,293.9,383.5,347.5
4/20/2012,446.4,340.9,689.6,151.25,372.9,366.3,292.9,383.6,351
4/23/2012,441.5,336.1,688.9,149.9,369.7,362.3,290.6,378,349
4/24/2012,439.9,336.2,694.1,151.65,371.3,366.7,290.1,378.2,351.7
4/25/2012,447.1,338.3,700.7,153.15,375.2,367.8,298,386.4,353.4
4/26/2012,452.5,341,707.3,154.3,375,369.4,300.2,386.1,355.7
4/27/2012,458.5,341,707.6,154.3,375.2,371.9,300.6,387.9,356.9
4/30/2012,456.5,339.8,712.1,153.5,374.9,369.1,298.4,385.3,357.7
5/1/2012,459.3,340.7,723.3,155.35,376.3,370,299.4,387.6,359.5
5/2/2012,461.1,341.4,710.2,153.8,375.5,369.7,299.3,385.1,357.3
5/3/2012,458.3,341.7,698.9,152.75,374.1,367,296.9,381.2,356
5/4/2012,448.9,339,682.6,150.2,369.3,361.6,290.7,374.6,356.6
5/7/2012,449,339,680.1,151.2,370,361.3,289.9,374.4,355.8
5/8/2012,443,338.5,678.1,150,370.3,359.6,288.7,372.7,356.3
5/9/2012,441.6,336.9,674.6,148.55,367.8,356.1,288.8,370.4,356.4
5/10/2012,442.7,339.2,678.5,149.25,370.3,356.3,286.9,368.9,360.1
5/11/2012,442.5,338.2,672.7,147.5,370,355.6,287.2,367.8,360.2
5/14/2012,436.2,337,661.9,144.4,368.6,351.4,284.7,362.6,359.4
5/15/2012,435.2,336.7,650.8,143.6,366.5,349.4,283.6,357.2,357.6
5/16/2012,435.3,337.7,648.2,141.8,367.4,349.4,281.6,353.7,358.2
5/17/2012,423,335.2,643.3,138.55,363.6,341.5,277.3,345.7,355.9
5/18/2012,420.5,333.2,638.5,137,360.5,339.8,274.7,343.7,355.4
5/21/2012,426.8,334.4,653.5,138.25,363.7,347.2,281.1,353.7,355.8
5/22/2012,428.8,335,652,139.3,363.2,348.2,280.8,351.6,358.1
5/23/2012,430.7,333.8,654.3,139.85,360.8,350.5,280.7,355.5,355.5
5/24/2012,432.9,336.8,653.2,139.95,364.2,349.8,279.1,358.1,357.6
5/25/2012,432.7,337,651.7,139.75,363.9,348.4,278.7,357.1,358.6
5/29/2012,438.3,338.9,661.3,141.45,365.1,352.6,282.2,362.8,360
5/30/2012,431.7,336.5,641.1,138.55,362.7,346.6,280.2,356.6,357.6
5/31/2012,430.4,335.4,635.5,139.4,361.1,345.4,279.1,354.8,359.7
6/1/2012,417.1,329.7,620,134.2,354.8,335.7,272.2,347.6,358.2
6/4/2012,418.6,330.3,619,132.8,355.6,332.3,273.2,347.5,359.2
6/5/2012,420.3,330.3,624.1,135,357.8,332.8,275,350.6,361
6/6/2012,430,334.7,644.1,139,362.8,342,281.4,359.4,365.3
6/7/2012,430,335.9,644.3,138.95,363.2,344.4,280.4,360.1,367.9
6/8/2012,433.4,338.3,643.9,140.5,365.5,346.6,283,362.7,369.3
6/11/2012,427.1,337.1,635.8,138.15,362.7,342.6,279.1,356.4,368.9
6/12/2012,431.8,338.7,644,140.05,365.4,347.6,281.9,362.6,369.3
6/13/2012,425.5,338.5,636.2,139.7,365.5,344.4,280.4,357.2,369
6/14/2012,431.6,343,646.8,141.1,370.5,346.9,281.5,360.2,372.4
6/15/2012,432.83,344.76,652.1,142.26,372.72,349.14,282.84,362.32,374.1
6/18/2012,436.9,342,649.3,142.3,372.6,349,285.4,363.8,371.6
6/19/2012,441,342.1,658.9,144.25,376.4,353.1,288,371,371.4
6/20/2012,440.6,339.8,655.5,144.85,375.4,350.8,288.1,369,366.9
6/21/2012,431,336.1,628.9,141.5,370.2,344.4,281.7,356.8,362.9
6/22/2012,432.7,337.3,634,142.5,373.8,345.2,284.4,358.7,363.7
6/25/2012,426,334.9,619.2,139.6,369.6,338.8,278.8,354.5,362.3
6/26/2012,431.2,335.7,626.4,140.65,370.5,339.4,279.8,355.1,363.6
6/27/2012,431.3,337.7,639.2,142.1,374.9,342.9,281.5,358.8,367.4
6/28/2012,428.7,338.7,644.3,141.8,373,342.5,278.9,359.2,368
6/29/2012,437.2,345.7,663.7,145.8,380.2,354.6,287.5,370.4,370.7
7/2/2012,438.6,347.3,663.1,146.35,381.1,351.4,288.6,368.2,373.2
7/3/2012,438.2,349.1,679.4,147.4,381.3,355.2,290.8,373.7,371.9
7/5/2012,439.6,348.2,670,145.3,379.1,355.2,291.3,373.5,370.4
7/6/2012,437.3,347.2,662.6,143.95,376,349.8,286.4,368.9,369.1
7/9/2012,434.9,347,659.3,143.65,378.3,349.5,285.9,366.4,367.5
7/10/2012,432.1,347.3,648.1,142.55,376.1,344.2,283.2,360.7,368.3
7/11/2012,430,347.3,657.6,143.7,376.1,341.1,281.3,360.3,370.7
7/12/2012,428.9,347.4,655.1,142.65,377.1,340.2,278.9,358,370.8
7/13/2012,435.5,351,666.4,146.2,381.1,346.2,282.4,364.4,374.4
7/16/2012,433.4,349.7,669.3,146.15,381.6,344.1,282.4,363,374.2
7/17/2012,437.4,351.2,677.3,146.95,386.5,346.2,283,367.9,375
7/18/2012,439.3,351,683.4,146.15,387.9,352.4,288,369.6,376.1
7/19/2012,442.5,350.6,685.5,145.3,387.4,354.1,290.9,373.9,376.5
7/20/2012,437.2,348.3,687.1,143.25,382.1,350,287.6,371.3,377.4
7/23/2012,430.9,345.3,680.1,141.7,378,347.9,284.6,365.8,375
7/24/2012,428,344.1,670,141.65,373.8,343.7,282,360,371.6
7/25/2012,426.9,344.1,670.1,141.85,375.3,345.2,280.4,359.6,371.3
7/26/2012,433.8,349.9,689.9,143.95,379,350.6,284.7,361.9,377.5
7/27/2012,442.3,354.3,701.8,146.8,388,358.3,291,368.5,381.4
7/30/2012,440.9,355.7,703.4,146.65,386.3,357.3,291.3,368,383.1
7/31/2012,435.7,354.5,695.2,146,383.8,356.2,292.5,366.1,380
8/1/2012,433.5,352.6,699.5,145.45,384.1,353.9,291.6,366,377.4
8/2/2012,433.9,349.9,687.9,143.85,379.8,352,289.7,361.1,375
8/3/2012,443.1,355.3,704.1,147.9,385.2,359.7,295.5,368.4,379.3
8/6/2012,444.8,355.3,705.7,148.15,384.9,360,297.2,372,378.6
8/7/2012,448.6,353.4,716.3,148.85,384.1,363,299.2,376.1,374.8
8/8/2012,446.5,355.9,717.5,148.85,385.3,362.7,299.4,376.9,374.8
8/9/2012,446,354.6,721.3,148.8,385,363.3,300.2,378.5,375.3
8/10/2012,446.2,354.2,723.1,148.65,386.6,364.3,301.1,378.3,376.3
8/13/2012,446,353.9,720,148.65,385.7,364.2,301.8,376.2,375.4
8/14/2012,447.3,355.5,719.3,148.85,386.7,363.6,301.5,374.2,375.3
8/15/2012,448.3,355.6,718.2,149.1,388,363.9,301.7,375.7,373.9
8/16/2012,452.2,356.2,725.6,150,386.6,367.8,305.4,381,372.8
8/17/2012,454.5,356.6,724.8,150.5,384.3,369.6,307.1,380.5,372
8/20/2012,451.9,356.5,722.7,150.9,385.4,368.9,307.6,379.7,372.1
8/21/2012,451.7,354.7,720.4,151.3,384.8,367.9,305.9,379.8,370
8/22/2012,452.5,353.4,722.4,151.3,384.6,366.3,306,382.9,369.2
8/23/2012,450,350.8,715.2,149.85,383.8,363.4,303.9,377.3,365.4
8/24/2012,453.1,353.6,719,150.35,387.4,364.9,305.2,376.2,366.6
8/27/2012,453,354.2,719.4,150.5,387.3,364.2,305.9,374.1,367.7
8/28/2012,453.5,354.8,719.7,150.25,387.1,362.9,305.3,372.8,366.7
8/29/2012,455.6,354.1,715.8,150.45,388.4,362.6,305.8,374.2,366.2
8/30/2012,453.8,352.5,707.8,149.65,387.1,359.6,302.5,370.8,364.8
8/31/2012,454.9,352.9,714.1,150.6,387.8,361.4,304.3,374.4,364.1
9/4/2012,453.8,354.4,708.6,150.6,389,358.2,304.7,369.2,365.3
9/5/2012,454.8,353.9,706.8,150.7,389.1,356.8,304.7,370.7,364
9/6/2012,464.9,358,721.3,154.3,395.1,364.5,311,380.1,367.9
9/7/2012,467.6,355.2,733.9,156.15,395.1,367.7,310.6,387.6,366.7
9/10/2012,467.2,354.9,731,154.9,394,365.7,307.7,387.6,366.6
9/11/2012,467,353.8,739.2,155.8,393.8,367.5,308.4,388.4,365.4
9/12/2012,468.5,352.2,742.6,156.95,394,368.9,309.7,387.8,363.6
9/13/2012,475,358,755.6,160.65,398.1,373,313.9,397.4,368.1
9/14/2012,477.5,356.1,765.9,162.25,396.6,375.9,315.9,402.5,366.1
9/17/2012,475,356.5,759.5,160.7,398.7,374.1,315.7,396.6,364
9/18/2012,473.3,358.4,752.8,159.65,400,373.6,316.5,395.2,362
9/19/2012,477.3,359.2,746.6,159.6,400.2,374.2,315.8,397.1,362.6
9/20/2012,477,361.4,748.2,158.6,401.9,371,315.8,396.7,363.9
9/21/2012,479.54,362.4,753.9,159.77,402.91,372.58,317.52,400.57,364.82
9/24/2012,473.5,359.1,742.2,157.6,403,368.2,313.2,391.7,364.7
9/25/2012,468.5,356.3,734.5,155.15,402.7,363.2,308.4,385.7,363.6
9/26/2012,464.8,356.5,727.6,154.25,400.9,361.7,306.6,384.1,364.9
9/27/2012,469.6,357.7,737.8,155.8,403.1,365,310.3,388.4,363.3
9/28/2012,467.6,356.6,734.2,155.1,401.2,363.7,308,386.3,364.8
10/1/2012,467.7,358.9,737.7,155.95,404.4,365.5,307.6,387.2,363.4
10/2/2012,466.6,359.2,738.5,156.1,405.5,364.9,307.6,385.1,364.6
10/3/2012,470.2,360.3,729.6,157.6,408.9,366.5,309.6,383.7,366.7
10/4/2012,474.4,361.8,737.4,159.85,411.7,368.6,310.1,388.9,369.2
10/5/2012,476.2,363.2,735.1,160,412,370.1,308.8,390.1,368.5
10/8/2012,474.6,362.2,736.5,159.8,411.4,369,305.7,389.8,368.6
10/9/2012,467.6,358.8,737.5,158.7,406.6,365.1,301.7,386.2,368.3
10/10/2012,464.1,357.4,723.2,158.8,403.5,361.7,300.1,382.2,367.6
10/11/2012,462.3,356.5,729.5,159.4,404.1,362.8,299.4,383.5,368.1
10/12/2012,462.1,356.9,725,157.2,403.3,363.1,299.1,381.5,365.8
10/15/2012,466.7,358.9,729.3,159.05,409.1,365.5,300.2,384.8,367.6
10/16/2012,470.7,359.8,741.4,160.1,413,369.2,304.3,393.9,368.6
10/17/2012,473.6,361.6,749.6,162.1,413.2,371.4,303.1,397.3,373.5
10/18/2012,473.6,359.8,749.9,162.7,413.4,372.5,299.2,398,375
10/19/2012,465.6,355.3,738,160.4,406.5,365.9,292.8,389.6,372.5
10/22/2012,464,355.1,733.7,160.2,406.3,365.6,294.6,390.4,370.7
10/23/2012,459.8,350.8,717.1,157.7,400.9,362,291.2,379,367.5
10/24/2012,458.4,350.4,711.8,157.9,401.2,359.6,289.8,379.6,365.4
10/25/2012,457.1,352.6,717.8,157.95,404.8,361.3,288.8,377.8,366.5
10/26/2012,458.3,351.3,719,157.15,403.2,361.4,289.6,378.5,366.5
10/29/2012,458.3,351.3,719,157.15,403.2,361.4,289.6,378.5,366.5
10/30/2012,458.3,351.3,719,157.15,403.2,361.4,289.6,378.5,366.5
10/31/2012,459.9,352.5,717.7,158,400,363.1,288.2,377.2,369.9
11/1/2012,465.8,352.4,722.1,160.2,403.7,369.9,293,385.5,366.1
11/2/2012,465.2,350.3,710.2,159.25,401.1,366.9,289.1,378.5,363.5
11/5/2012,466.4,349.9,715.8,159.05,401.5,368.4,290.9,381.1,357.7
11/6/2012,469.1,351.8,726.9,160.7,402.3,372.4,292.1,385.7,357.7
11/7/2012,463.4,347.9,707.4,155.5,394.9,364.1,284.7,379.4,349.8
11/8/2012,456,344.1,695.1,154.2,390.6,360.2,280.8,374.2,349.7
11/9/2012,453.6,344.4,695.1,154.4,391.6,361,281.9,373.4,347.4
11/12/2012,453.9,344.2,696.3,154.5,393.2,362.1,281.3,373.3,344.1
11/13/2012,455.5,343.9,693.4,153.5,392,361.2,280.1,372.5,345.9
11/14/2012,448.6,340.1,684.7,150.5,386.9,352.6,277.3,366.2,343.3
11/15/2012,447.7,339.6,686,151,386.5,352.4,275.5,364.8,340.6
11/16/2012,451.3,341.9,687.8,151.9,389.4,353.5,276,365.8,344.2
11/19/2012,460.6,347.5,703.9,154.9,393.1,360.1,283.5,376.2,344.3
11/20/2012,463.2,348.7,701.6,155.65,395.3,360.4,282.1,376.4,343.6
11/21/2012,464.7,349.4,705.5,155.7,395.5,361.2,283.6,376.7,342.2
11/23/2012,470.7,354.5,714.9,157.65,399.8,365.5,288,382,341.3
11/26/2012,468.8,352.1,708.3,156.9,398.2,365.9,289,382,345.7
11/27/2012,467.2,351.9,702,155.65,396.2,365.4,287.8,381.9,346.5
11/28/2012,472.8,355,709,156.2,398.9,368.2,289.5,382.1,348.1
11/29/2012,474.6,356.7,710.8,157.2,401.7,370.6,291.3,384.9,350.3
11/30/2012,474.6,357,710.3,156.7,402.2,369.4,290.7,385.2,353.8
12/3/2012,472.3,357,706.4,156.3,401.5,366,290.4,378.3,351.4
12/4/2012,470.4,356.1,703.6,155.85,402.1,366.9,289.6,378.7,349.7
12/5/2012,468.8,356.8,707.5,157.8,403.8,370.1,286.8,374.3,355.5
12/6/2012,472.2,357.2,710.2,158.15,403.4,370.5,288.4,375,355
12/7/2012,473.3,359.5,714.4,159.3,404.5,372.6,286.9,378,355.2
12/10/2012,471.1,359.4,714,158.9,406.4,374.5,287.9,380.9,355.3
12/11/2012,472.4,359.6,718,159.7,410.3,375.7,291.5,383.8,355.8
12/12/2012,472.8,358.9,720.6,160.65,409.6,376.3,290.9,382.7,355.4
12/13/2012,469.9,358.2,714.1,159.85,406.7,374.7,289.2,381.2,353.9
12/14/2012,468.3,357.8,711.2,159.2,405.3,374.5,286.5,384.7,353.1
12/17/2012,476.4,358.2,717.5,162.35,407.8,377,289.6,388,358.1
12/18/2012,482,359.1,731.1,164.8,411.4,382.5,294.1,392.7,360.8
12/19/2012,478.4,355,725.9,163.9,407,380.2,292.6,391.2,358.1
12/20/2012,479.6,356.9,730.8,166.1,407.3,381.7,292.8,394.9,359.4
12/21/2012,476.18,356.23,726.02,164.37,406.3,378.25,290.32,391.77,358.68
12/24/2012,474.6,350.1,715.1,163.35,400.7,377,288.7,391.8,352.7
12/26/2012,469.7,347.8,712.3,163.4,399.6,375.9,287.1,394.2,349.7
12/27/2012,470.5,348.2,710.6,162.55,398.7,375.1,286.4,392.9,349
12/28/2012,466.1,344.7,698.6,161.4,394.8,371.1,283.5,387.8,345.8
12/31/2012,475.4,348.3,713.5,163.4,399.4,377.6,288.9,395.3,350.4
1/2/2013,485.6,357.7,729.7,168.3,406.9,386.8,297.9,404.9,356.8
1/3/2013,486.7,356.6,729.5,168,407.2,387.4,296.3,402.3,357
1/4/2013,488.5,357.7,737.9,170.2,409.2,389.9,295.1,407.2,358.8
1/7/2013,486.9,355.5,731.8,169.5,410.4,388.3,294.7,406.4,354.7
1/8/2013,485.7,354.6,729.9,169.1,410.5,385,293.1,406.7,353.8
1/9/2013,486.9,355,727.8,168.95,414.9,389,293.5,409.6,353
1/10/2013,489.2,357,735.1,171.05,417.9,391.1,295.1,411,354.7
1/11/2013,489.9,358.4,735.9,170.5,417.4,389.5,296.1,410.5,354.9
1/14/2013,491,359.7,735.8,170.1,418.4,391.1,293.6,411,354.7
1/15/2013,494.5,361,739.4,170.9,417.7,392.1,291.7,411.3,355.3
1/16/2013,493.3,360.4,741.9,170.85,416.8,390.5,293.2,408.9,353.5
1/17/2013,499,363.2,747.4,170.95,420.8,394.4,294.2,412,355.4
1/18/2013,499.4,364.3,754.1,171.2,421.9,398.1,293.5,414.1,358
1/22/2013,500.6,364.6,761.8,172.45,423.2,399.3,294.2,418,360.9
1/23/2013,501.2,364.6,758.9,172.6,422.6,400,297.5,416.3,359.9
1/24/2013,505.1,365.6,761.9,173.65,425.7,402.2,292.5,417.3,361.9
1/25/2013,509.9,367.1,768.8,174.15,428.8,403.4,292.8,418.9,363.1
1/28/2013,508,367.7,767.3,173.65,428,403.4,293.9,415.1,363.1
1/29/2013,506.2,369.9,780.4,174.2,432.1,404.6,294.3,417.2,365.9
1/30/2013,504.7,369,775.4,173.65,430.7,401.3,293.2,414.9,366.4
1/31/2013,502.3,368.4,772.7,173.1,429.1,399.2,293.6,411,367.6
2/1/2013,505.1,371.1,780.8,175.85,432.8,403.8,297,415.9,368.1
2/4/2013,499.2,368,773.3,173.3,427.8,399.5,293.2,411.8,365.8
2/5/2013,504.8,372,779.9,175.4,432.9,403.5,296.8,414.2,366.6
2/6/2013,505.4,372.7,780.1,175.55,432.5,403.7,296.3,414.6,367.6
2/7/2013,504.2,374.8,778.5,174.9,430.9,403.1,296.4,412.1,368.4
2/8/2013,508,374.4,785.5,175.45,433.9,404.5,299.2,414.9,368
2/11/2013,506.8,374.2,781.8,176.3,433.4,404.5,299.5,413.9,369.2
2/12/2013,508.7,374.1,783.8,177.7,432.6,406.3,298.7,414.5,370.6
2/13/2013,509.6,374.2,786.6,177.25,432.3,408.2,298.6,416.1,370.4
2/14/2013,510,375,793.2,177.9,433.3,408.7,297.7,414.5,367.7
2/15/2013,510.3,375.7,783.9,177.05,434,409,297.8,414.4,368.4
2/19/2013,512.5,379.6,793.3,178.6,436.8,412.4,299.4,412.6,371.8
2/20/2013,504.8,379,776.7,176.1,434.2,407,295.6,401.1,371.2
2/21/2013,500.5,379.9,771,174.5,432.2,403.9,293.3,397.4,369.4
2/22/2013,503.2,381.9,779.4,176.65,434,406.9,296.5,402.2,373
2/25/2013,495.2,377.1,758.7,172.1,429.3,398.7,292.5,393.6,369.6
2/26/2013,500.3,378,766.5,173.05,430.2,401.3,294,397.8,370.7
2/27/2013,508,381,778.6,175.65,435.3,409,296.6,404.9,374.8
2/28/2013,507.9,380.5,779.2,175.3,434.5,408.5,296.2,405.1,375.5
3/1/2013,510.9,381.6,777.2,176.05,437.7,407.3,296.4,405.4,376.5
3/4/2013,515.9,384.5,775.4,177.35,440.3,406.8,297.3,405.9,380.1
3/5/2013,520.9,385.9,781.2,178.85,444.3,412.7,301.6,409,382.3
3/6/2013,520.6,385.1,781.6,180.25,445.3,412.9,301.4,412.4,381.8
3/7/2013,521.4,385.2,785.9,181.3,444.8,413.1,302.2,413.6,380.5
3/8/2013,527,385.7,789.2,181.8,445.6,416.6,302.7,417,381.2
3/11/2013,528.4,386.1,789.4,183.2,447.9,418.1,303.4,418.8,382.3
3/12/2013,527.1,385.6,790.3,182.3,449.6,415.6,302.5,419.2,380.9
3/13/2013,529.8,386.6,788.9,182.65,449.5,417.4,301.9,418,382.5
3/14/2013,530.3,388,799.4,183.75,450.3,419.7,303.9,421,383.2
3/15/2013,528.51,386.07,796.65,183.41,448.04,418.09,303.56,419.83,381.95
3/18/2013,523.5,383,789,182.3,444.9,416,301.8,416.2,380.5
3/19/2013,519.8,386,780.7,181.3,445.2,415.2,301.5,414.6,381.6
3/20/2013,525.4,390,785.6,182.2,449,415.6,303,417.8,384.3
3/21/2013,521.4,389.1,781.2,180.35,446.6,411.8,299.6,410.8,382.5
3/22/2013,527.6,392.2,787.2,181.2,449.6,414.5,301.6,411,382.7
3/25/2013,526.3,392,784.8,180.75,448.7,411,300.5,408,382.1
3/26/2013,529.2,395.7,793,181.85,453.8,413.2,302.5,410.6,385.8
3/27/2013,529.7,395.2,795.2,181,456,413.1,301.5,410.6,387.4
3/28/2013,531.2,397,793,181.3,460.2,416.2,302.3,412.6,392.2
4/1/2013,527.5,396.7,791.2,180.6,461.1,411.2,300.1,408.6,391.5
4/2/2013,532,401.2,787,181.6,467.9,410,301.7,404.8,392.9
4/3/2013,526.8,396.6,772.3,178.75,465.6,407.6,299.2,401.9,391.9
4/4/2013,529.4,398.5,771.2,180.2,467.1,409.1,299.2,404.6,395.3
4/5/2013,527.3,395.9,773.4,179.95,464.1,407.9,296.9,402.9,397.2
4/8/2013,533.1,400.2,778.2,181.7,464.7,410.4,298,404.5,400.1
4/9/2013,532,400,785,182.45,466.8,412.1,300.3,409,399.1
4/10/2013,538.1,403.1,789.4,184.55,474.3,417.3,305.4,412.1,401.9
4/11/2013,542.8,405.1,792.1,185.05,479.3,418.3,304.7,413.7,403.3
4/12/2013,545.5,406.3,780,184.45,479.6,416.1,303.4,408.2,404.4
4/15/2013,531.6,400.8,747.7,180.45,471.4,403.1,298.6,392.5,399.1
4/16/2013,538.5,407.5,757.1,183.25,477.7,408.9,302,399.6,403.4
4/17/2013,533.4,404.1,740.6,179.65,475.7,402.1,295.9,394.2,401.4
4/18/2013,527.1,403.1,746.8,177.8,469.6,400.3,293,393.2,402.5
4/19/2013,533.7,409.3,745.2,180.25,476.5,402,293,396.9,408.5
4/22/2013,535.8,410.5,753.7,180.35,479.3,402.7,295.4,401.4,408.4
4/23/2013,541.2,413.4,762.3,183.85,482.1,405.4,298.5,404.5,409.1
4/24/2013,541.8,407.4,772.5,185.1,474.4,409.5,299.2,410.8,410.6
4/25/2013,546.2,408.5,773,185.75,475.9,411.8,300.1,415.3,411
4/26/2013,543.9,408.4,771.7,185.25,476.1,410.9,300.3,409.3,411.2
4/29/2013,545.8,409.4,779.4,185.8,477.7,412.5,304.2,415.4,414.6
4/30/2013,547,408.8,783,186.3,473.4,413.1,307.3,416,415.7
5/1/2013,544.8,408.4,770,184.85,469.3,407.5,304.9,409.3,411.7
5/2/2013,549.4,409.9,780.5,185.95,473.5,412.3,308.8,411.5,410.7
5/3/2013,556.8,411.7,795,188.05,476.9,419.7,311.7,418.9,410.3
5/6/2013,558.4,408.5,800.4,189.85,474.4,422.1,313,420,404.5
5/7/2013,562.2,411.7,805.8,191.2,475.6,425.8,312.5,423.7,408.2
5/8/2013,563.5,412.1,807.2,192.45,477.1,428.8,315.4,427.6,405
5/9/2013,564.4,409,806.5,191.15,477.7,428.6,314.6,427.4,398.3
5/10/2013,568.7,410.8,802.4,191.85,482.7,429.9,315.5,426.9,399.6
5/13/2013,568.9,411.5,802.2,192.5,486.3,428.6,314.4,423.9,397.5
5/14/2013,574.6,416.3,813.3,195.95,491.5,433.6,315.6,429,400.2
5/15/2013,577.9,420.6,811.2,197.55,493.8,435.3,316.4,431.2,404.3
5/16/2013,571.3,417.8,806.9,196.25,489,433.7,318.5,429.4,400.5
5/17/2013,576.9,418.3,821.1,199.1,491.5,439.7,321.4,434.5,404.4
5/20/2013,575.2,414.5,832.8,199.5,488.5,441.4,321.2,434.5,402.7
5/21/2013,577.9,414.5,831.2,200,492.9,442,320.3,434.1,403.3
5/22/2013,572.1,413.5,821.2,197.65,492.6,438,317.3,428.1,396.3
5/23/2013,570.9,412.5,820.6,196.85,492.8,436.6,317.1,427.9,393.7
5/24/2013,568.8,415.8,816.6,196.95,491.3,435.3,316.5,426.7,389.3
5/28/2013,574.7,416.8,825.4,199.1,495.9,437.6,317.9,430.3,384.8
5/29/2013,569,408.8,823.4,199.2,488.6,435.1,317.1,429.2,379.1
5/30/2013,568.9,407.4,821.5,201.2,491.8,437.8,319.1,430.3,380.2
5/31/2013,562.2,399.7,804.5,197.6,481.3,433.4,315.9,422.8,377.8
6/3/2013,565.1,403.7,812.1,197.75,483.7,435.6,317.6,426.1,378.3
6/4/2013,562.9,404.1,806,196.15,480.9,432.9,316.6,425.1,377.1
6/5/2013,553.8,399.6,796.7,193.05,474.5,425.8,313.4,416.6,373.6
6/6/2013,559.1,400.9,802.7,195.55,480.5,428.2,314,418.5,378.2
6/7/2013,569.1,406.4,812.4,198.7,485.3,435.8,316.8,422.3,381
6/10/2013,568,405.9,810.1,199,486.1,434.9,317.6,424.4,380.7
6/11/2013,562.8,405.3,797.7,195.5,484,431.3,314.6,418.9,378.6
6/12/2013,556.4,403.4,793.2,193.7,479,427.5,311.7,416.7,374.3
6/13/2013,566.1,407.3,807.1,197.45,486.3,433.9,315.8,424.3,379.9
6/14/2013,564.7,406,798.8,195.15,485.6,431.5,313.5,421.4,380.9
6/17/2013,567.4,409,809.2,196.85,486.5,433.9,315.7,424.3,381.9
6/18/2013,573.2,411.5,815,197.95,490.9,439.6,318.7,426.7,384.6
6/19/2013,567,403.3,806.9,195,483,433.5,315,423.6,376.4
6/20/2013,552.3,390.7,784.1,191,470.9,423.9,308.2,412.6,365.5
6/21/2013,556.46,394.57,790.34,192.78,474.87,426.77,308.49,415.32,368.3
6/24/2013,547,392.4,770.5,187.15,469.7,414.7,301.2,402.4,366.4
6/25/2013,551.9,392.9,780.3,190.65,471.8,419.5,303.7,405.3,370.7
6/26/2013,558.8,396.9,785.5,192.55,478.8,424,305.6,406.8,376.1
6/27/2013,563.8,398.8,786.8,194.9,480.5,428,307.3,406.5,376.5
6/28/2013,565.4,395.9,783.3,193.6,475.9,424.9,305.3,403.8,377.7
7/1/2013,569.6,399.2,789.1,194.5,478.5,429,307.4,407.4,373
7/2/2013,570.5,399.7,790,194.65,476.7,424.6,307.6,405.5,372.5
7/3/2013,573.5,398.9,789.8,194.1,476,425.1,309.7,405.4,371.8
7/5/2013,579.1,399.3,799.1,197.35,482,431.3,311.2,408.2,370.2
7/8/2013,584.3,403.5,805,199.05,485,432.9,311.4,410.5,375.7
7/9/2013,586.9,406.8,813.1,200.7,487,439,312.4,417,378.3
7/10/2013,587.5,407.6,807.9,199.4,490.1,438.7,313.5,416.6,380
7/11/2013,596.2,413.8,816.9,201.25,496.1,445.6,319.1,424.1,386.6
7/12/2013,598.8,413.8,819.3,202.6,499.3,443,318.9,422.3,387.8
7/15/2013,597.4,414.3,818.8,203.6,499.6,444.6,319.6,423.2,393.9
7/16/2013,593.9,413,813.1,202.7,497.4,442.2,320,419.7,391.8
7/17/2013,594.4,413.7,816.6,203.8,498.2,443.6,320.6,423.9,391.7
7/18/2013,597.9,415,825.4,206.3,500,447.7,319.6,424.1,395.4
7/19/2013,597.2,417.4,837,206.45,506.2,452.7,314.1,426.1,395.1
7/22/2013,597,416.9,834.5,208,508.5,452.5,315.4,427.4,394.8
7/23/2013,596,415.8,836,207.45,506.8,452.5,314,428.9,396
7/24/2013,593.9,412.9,826.6,205.75,505.8,449.2,315.9,424.6,389.7
7/25/2013,594.4,414.9,832,205.85,508.3,449.1,316.1,428.9,393.3
7/26/2013,596.6,415.1,830.1,205.55,511.6,448.2,316.6,426.8,394.6
7/29/2013,593.5,413.7,823.3,204.35,510.3,446.7,316.4,429.2,395.8
7/30/2013,592.3,413.3,821.6,203.9,510.1,449,318.1,428.5,396.7
7/31/2013,594.8,412.5,823.6,204,510.5,449.6,316.6,426.7,393.8
8/1/2013,604.8,416.8,837.4,207.3,513.4,457.7,320.3,430.5,397.3
8/2/2013,608.8,417,833.5,207.3,513.8,458.5,321.8,432.7,396.9
8/5/2013,607.2,417.1,831.4,206.85,512.9,457.2,322.3,431.9,394.7
8/6/2013,604.6,416.9,826.8,205.25,511.1,453.5,321,427.6,391.9
8/7/2013,599.8,415,823.7,203.9,511.5,452.8,320.3,427.6,393.9
8/8/2013,603.5,417.1,828.3,204.05,511.5,455,321.1,434.1,395.7
8/9/2013,602.1,414.9,825.7,203.65,509.9,453.6,319.4,437,393
8/12/2013,601.8,413.9,822.2,202.65,507.9,453.9,321.1,435.5,390.4
8/13/2013,601.5,414.1,823.6,203.6,509,456,323.7,437.1,388.4
8/14/2013,595.1,411.4,820.3,202.75,505.4,453.1,323.4,436.6,386.3
8/15/2013,584.4,405,815.8,200,497.2,447.7,318.2,432.9,380.9
8/16/2013,582.8,402.1,811.8,199.75,494.7,447.9,317.8,429.7,376.5
8/19/2013,580,400.5,798.6,196.85,495.3,446.2,317,426.3,373.7
8/20/2013,585.6,400.5,803.9,198.8,496.2,446.9,317.4,428.7,377
8/21/2013,580.7,397.6,799.7,197.45,493.9,443.7,316.6,426,372.5
8/22/2013,586.8,399.5,811.6,199.4,496.4,449.4,318,430.5,375
8/23/2013,586.4,401.6,817.3,199.65,498.1,449.7,320.3,434.4,377.7
8/26/2013,585.5,396.9,815.9,198.65,498.7,448.7,318.7,434.5,374.9
8/27/2013,576.3,394.6,810.5,193.75,490.5,439.8,313.2,426.9,374.5
8/28/2013,578.7,391.6,824.4,194.05,493,440,313.5,425.8,375.9
8/29/2013,581.5,393.3,815.6,194.65,494.3,441.3,315,427,374.2
8/30/2013,577.7,394.2,815.7,193.7,492.8,439.1,313.6,426.5,374.1
9/3/2013,582,393.6,821.3,195.2,495.2,441.8,313.6,428.8,369.7
9/4/2013,587.9,396.2,825.7,196.75,501,446,316.6,432.8,369.6
9/5/2013,588.8,396.1,828.4,197.3,501.7,447.1,316.7,434.2,368.3
9/6/2013,587.6,396.5,829,197.25,502.3,447.1,317.3,433.1,370.8
9/9/2013,593.1,399.6,837.7,199.4,505.1,452.4,320.8,439.8,372.1
9/10/2013,598.4,399.9,837.7,201.8,508.1,459,322.8,443.6,374.6
9/11/2013,602.7,402.9,844,202.05,511.9,461.1,321.2,446.2,371.3
9/12/2013,602.3,403.2,840,201.1,512,459.9,321.9,442.3,370.2
9/13/2013,603.1,406.2,839.4,200.85,512,460.3,321.7,444.4,373
9/16/2013,605.5,409.9,838.7,203.15,516.5,466,321.3,449.5,374.2
9/17/2013,609.1,411.4,842.9,203.95,516.9,468.1,323.7,448.1,376
9/18/2013,616.6,416.4,852.6,206.05,520.6,474.1,326.9,458.5,387.8
9/19/2013,616.8,414.6,850.7,205.2,519,475.8,327.3,457.3,385.8
9/20/2013,617.02,414.09,851.65,205.48,519.74,476.03,328.45,457.5,385.52
9/23/2013,606.6,408.1,836.7,200.9,513,467.2,324.8,446.7,381.4
9/24/2013,607.1,405.5,837.6,199.65,510.4,468.4,323.1,445.9,380.8
9/25/2013,604.4,402.7,837.1,200.65,506.2,466.9,322.9,447.4,378.3
9/26/2013,609.5,404.3,838,200.55,507.5,468.7,323.8,450.1,377.7
9/27/2013,609.5,401.7,834.9,199.95,507.8,465.8,321.7,445.2,375.3
9/30/2013,606.8,397.4,828.6,198.2,506.3,462.2,319.8,443,374.7
10/1/2013,612.3,399.9,834.4,199.75,513,465.8,323,445.1,375.9
10/2/2013,611.7,399,836,199.65,511.9,463.9,323,446.2,376.5
10/3/2013,605.6,397.5,829.7,198.25,507.4,458.9,320.2,442.4,371.8
10/4/2013,611.1,397.9,837,199.8,512.8,461,321.6,448.7,372.4
10/7/2013,602.5,396.4,830.5,197.45,507.6,458.4,320,443.7,371.1
10/8/2013,592.7,396.2,821.1,194.95,500,453.3,314.9,436.3,373.5
10/9/2013,590.5,396.6,819,195.65,499.2,452.3,316.4,437.2,374.8
10/10/2013,603.6,403.9,833.6,201.2,510.7,464.3,321.4,446.1,380.4
10/11/2013,608.4,405.4,842.6,202.05,512.9,467.2,324,448.7,382.1
10/14/2013,610.8,406.8,847.8,203.35,516.5,468.4,325.1,450.2,380
10/15/2013,606.1,403.7,845.2,201.8,513.8,463.9,323.5,447.9,375
10/16/2013,613,409.2,857.9,206.25,523.6,466.7,326.5,452.5,378.5
10/17/2013,617.6,413.5,859.8,208.15,528.1,470.3,326.6,457.9,384.9
10/18/2013,621.4,414.4,869.2,208.55,526.2,475.9,332,459.4,385.6
10/21/2013,622.7,413.4,865.7,208.2,523.5,476.9,333.8,459.4,384.8
10/22/2013,627.3,419.2,870.4,208.6,528.2,480,333.6,465.9,389.8
10/23/2013,623.5,419.7,856.5,206.8,527.7,480.1,332.1,463,390.1
10/24/2013,629.4,419,860.6,206.9,527.6,483.7,333.1,465.2,389
10/25/2013,633.9,420.1,865.8,207.85,528.1,486.3,334.5,466.4,393.5
10/28/2013,632.6,425,866.6,207.4,529.8,485.9,335.7,464.2,392.6
10/29/2013,636.5,428.9,872.7,208,533.3,486.9,337.8,465.2,393.2
10/30/2013,633.7,425.6,866.6,207.15,530.7,484.5,337,462.5,390.7
10/31/2013,634.9,422.7,863,204.7,528,484.3,335.7,461.6,389
11/1/2013,636.9,424.6,860.7,205.35,531.8,488.4,336.4,460.5,391.7
11/4/2013,638.9,424.9,871.3,205.6,532.6,490,337.5,462.4,392.7
11/5/2013,639.1,426.1,863.2,204.7,530.9,489.5,336.9,460.8,390.1
11/6/2013,637.2,430.3,865.4,205.4,529.2,491,339.8,463.4,395.2
11/7/2013,624.4,424.1,852.8,203.3,524.8,485.5,335.6,457.5,391.4
11/8/2013,633.8,425.8,865.6,207.7,532.4,492.1,338.5,466,390.7
11/11/2013,635.1,425,866.5,207.95,533.5,492.1,338.8,465.7,391
11/12/2013,633.8,425.5,858.7,206,533.5,492.2,339.9,464.4,387.3
11/13/2013,643.7,429.3,866,207.7,536.2,494.9,342.7,466.9,389.2
11/14/2013,648.3,432.1,871.8,209.5,540.6,497.5,341.7,470.8,392.4
11/15/2013,650.1,433.1,876.3,210.55,543.7,498.8,342.7,473.8,394.9
11/18/2013,644.2,430.9,867.5,210.1,540.6,498.6,340.8,469.7,394.3
